{
  "accuracy": 0.6203333333333333,
  "auroc": 0.6509413947947214,
  "macro_f1": 0.5182465018591287,
  "loss": 0.8007294109066327
}