{
  "accuracy": 0.586,
  "auroc": 0.5622562316715543,
  "macro_f1": 0.5314046892732672,
  "loss": 0.8338208004633586
}