{
  "accuracy": 0.66,
  "auroc": 0.6460190136660724,
  "macro_f1": 0.39759036144578314
}